taxon,id
Datura metel,http://www.wikidata.org/entity/Q715019
Melia azedarach,http://www.wikidata.org/entity/Q162171
Artemisia capillaris,http://www.wikidata.org/entity/Q5763748
Arctium lappa,http://www.wikidata.org/entity/Q26932
Pyrola japonica,http://www.wikidata.org/entity/Q11086771
Hemerocallis minor,http://www.wikidata.org/entity/Q5221108
Eupatorium fortunei,http://www.wikidata.org/entity/Q15588162
Campsis grandiflora,http://www.wikidata.org/entity/Q1192466
Silene firma,http://www.wikidata.org/entity/Q10928657
Saururus chinensis,http://www.wikidata.org/entity/Q10545549
Hylotelephium erythrostictum,http://www.wikidata.org/entity/Q7445423
Geranium thunbergii,http://www.wikidata.org/entity/Q5236828
Fallopia multiflora,http://www.wikidata.org/entity/Q1802551
Phytolacca acinosa,http://www.wikidata.org/entity/Q1569312
Hibiscus syriacus,http://www.wikidata.org/entity/Q157756
Peucedanum japonicum,http://www.wikidata.org/entity/Q11086266
Euphorbia pekinensis,http://www.wikidata.org/entity/Q1153181
Picrasma quassioides,http://www.wikidata.org/entity/Q855778
Cremastra appendiculata,http://www.wikidata.org/entity/Q5978345
Ginkgo biloba,http://www.wikidata.org/entity/Q43284
Platycodon grandiflorus,http://www.wikidata.org/entity/Q805322
Digitalis purpurea,http://www.wikidata.org/entity/Q157555
Bistorta manshuriensis,http://www.wikidata.org/entity/Q16842495
lantago asiatica,http://www.wikidata.org/entity/Q1193995
Lycopodium clavatum,http://www.wikidata.org/entity/Q466426
Pulsatilla cernua,http://www.wikidata.org/entity/Q287809
Equisetum hyemale,http://www.wikidata.org/entity/Q263881
Aralia continentalis,http://www.wikidata.org/entity/Q4068484
Nuphar japonica,http://www.wikidata.org/entity/Q149773
Rosa rugosa,http://www.wikidata.org/entity/Q634975
Bletilla striata,http://www.wikidata.org/entity/Q159003
Valeriana fauriei,http://www.wikidata.org/entity/Q11272377
Juncus decipiens,http://www.wikidata.org/entity/Q15505616
Sigesbeckia pubescens,http://www.wikidata.org/entity/Q5762824
Artemisia gmelinii,http://www.wikidata.org/entity/Q1532907
Solanum americanum,http://www.wikidata.org/entity/Q2729601
Fritillaria thunbergii,http://www.wikidata.org/entity/Q11148917
Castanea crenata,http://www.wikidata.org/entity/Q717827
Polygala tenuifolia,http://www.wikidata.org/entity/Q1043050
Trachelospermum asiaticum,http://www.wikidata.org/entity/Q11238988
Triticum aestivum,http://www.wikidata.org/entity/Q161098
Lophatherum gracile,http://www.wikidata.org/entity/Q5702352
Boehmeria nivea,http://www.wikidata.org/entity/Q750467
Crataegus pinnatifida,http://www.wikidata.org/entity/Q1141735
Rehmannia glutinosa,http://www.wikidata.org/entity/Q1071605
Platycladus orientalis,http://www.wikidata.org/entity/Q33482
Zostera marina,http://www.wikidata.org/entity/Q21128
Orobanche coerulescens,http://www.wikidata.org/entity/Q160895
Lobelia chinensis,http://www.wikidata.org/entity/Q3268084
Nelumbo nucifera,http://www.wikidata.org/entity/Q16528
Ostericum grosseserratum,http://www.wikidata.org/entity/Q17134247
Juglans regia,http://www.wikidata.org/entity/Q46871
Ziziphus jujuba,http://www.wikidata.org/entity/Q11181633
Ailanthus altissima,http://www.wikidata.org/entity/Q159570
Viola mandshurica,http://www.wikidata.org/entity/Q5369958
Agastache rugosa,http://www.wikidata.org/entity/Q1195985
Tamarix chinensis,http://www.wikidata.org/entity/Q6825364
Stemona japonica,http://www.wikidata.org/entity/Q15231169
Magnolia obovata,http://www.wikidata.org/entity/Q2386378
Capsicum annuum,http://www.wikidata.org/entity/Q1380
Chrysanthemum indicum,http://www.wikidata.org/entity/Q4157858
Dianthus chinensis,http://www.wikidata.org/entity/Q159013
Cannabis sativa,http://www.wikidata.org/entity/Q26726
Adenophora remotiflora,http://www.wikidata.org/entity/Q5964772
Sambucus williamsii,http://www.wikidata.org/entity/Q3470725
Artemisia princeps,http://www.wikidata.org/entity/Q1076280
Citrus reticulata,http://www.wikidata.org/entity/Q125337
Chelidonium majus subsp. asiaticum,http://www.wikidata.org/entity/Q49623096
Dalbergia odorifera,http://www.wikidata.org/entity/Q3012291
Alcea rosea,http://www.wikidata.org/entity/Q27682
Cirsium arvense,http://www.wikidata.org/entity/Q341600
Trichosanthes kirilowii,http://www.wikidata.org/entity/Q847006
Allium cepa,http://www.wikidata.org/entity/Q23485
Allium sativum,http://www.wikidata.org/entity/Q23400
Punica granatum,http://www.wikidata.org/entity/Q13188
Oryza sativa,http://www.wikidata.org/entity/Q161426
Morus alba,http://www.wikidata.org/entity/Q157307
Angelica dahurica,http://www.wikidata.org/entity/Q847098
Tribulus terrestris,http://www.wikidata.org/entity/Q235889
Cocculus orbiculatus,http://www.wikidata.org/entity/Q15283564
Zingiber officinale,http://www.wikidata.org/entity/Q35625
Euonymus alatus,http://www.wikidata.org/entity/Q160578
Pueraria montana var. lobata,http://www.wikidata.org/entity/Q15198502
Phragmites australis,http://www.wikidata.org/entity/Q28557
Fraxinus chinensis subsp. rhynchophylla,http://www.wikidata.org/entity/Q24877905
Curcuma zedoaria,http://www.wikidata.org/entity/Q206733
Sophora flavescens,http://www.wikidata.org/entity/Q31795573
Combretum indicum,http://www.wikidata.org/entity/Q1062389
Euphorbia kansui,http://www.wikidata.org/entity/Q15232469
Viscum coloratum,http://www.wikidata.org/entity/Q15356924
Humulus scandens,http://www.wikidata.org/entity/Q15540069
Scopolia japonica,http://www.wikidata.org/entity/Q869524
Lablab purpureus,http://www.wikidata.org/entity/Q1077410
Rhaponticum uniflorum,http://www.wikidata.org/entity/Q24851401
Inula helenium,http://www.wikidata.org/entity/Q697416
Syzygium aromaticum,http://www.wikidata.org/entity/Q26736
Linum usitatissimum,http://www.wikidata.org/entity/Q45108
Myristica fragrans,http://www.wikidata.org/entity/Q2724976
Broussonetia papyrifera,http://www.wikidata.org/entity/Q389185
Albizia julibrissin,http://www.wikidata.org/entity/Q750307
Oldenlandia diffusa,http://www.wikidata.org/entity/Q13113569
Zea mays,http://www.wikidata.org/entity/Q11575
Cuscuta chinensis,http://www.wikidata.org/entity/Q5366185
Prunus humilis,http://www.wikidata.org/entity/Q3408641
Aster tataricus,http://www.wikidata.org/entity/Q189368
Gleditsia japonica,http://www.wikidata.org/entity/Q855963
Benincasa hispida,http://www.wikidata.org/entity/Q652206
Adenophora triphylla,http://www.wikidata.org/entity/Q15544951
Piper nigrum,http://www.wikidata.org/entity/Q43084
Prunella vulgaris,http://www.wikidata.org/entity/Q158469
Liriope muscari,http://www.wikidata.org/entity/Q141540
Leonurus japonicus,http://www.wikidata.org/entity/Q1071905
Dimocarpus longan,http://www.wikidata.org/entity/Q193449
Orostachys japonica,http://www.wikidata.org/entity/Q15484095
Bassia scoparia,http://www.wikidata.org/entity/Q829752
Uncaria sinensis,http://www.wikidata.org/entity/Q10751885
Veratrum nigrum,http://www.wikidata.org/entity/Q158898
Hydnocarpus anthelminthicus,http://www.wikidata.org/entity/Q11144849
Clematis chinensis,http://www.wikidata.org/entity/Q15613588
Lygodium japonicum,http://www.wikidata.org/entity/Q3338251
Acer pictum,http://www.wikidata.org/entity/Q15287991
Lycium chinense,http://www.wikidata.org/entity/Q141303
Arisaema amurense,http://www.wikidata.org/entity/Q4069209
Rheum palmatum,http://www.wikidata.org/entity/Q1109580
Cornus officinalis,http://www.wikidata.org/entity/Q728125
Gynochthodes officinalis,http://www.wikidata.org/entity/Q50841714
Hordeum vulgare,http://www.wikidata.org/entity/Q11577
Rosa laevigata,http://www.wikidata.org/entity/Q1070309
Prunus mume,http://www.wikidata.org/entity/Q157763
Dipsacus inermis,http://www.wikidata.org/entity/Q10901048
Perilla frutescens,http://www.wikidata.org/entity/Q1076038
Lonicera japonica,http://www.wikidata.org/entity/Q161083
Schisandra chinensis,http://www.wikidata.org/entity/Q900986
Cucumis melo,http://www.wikidata.org/entity/Q81602
Raphanus sativus,http://www.wikidata.org/entity/Q7224565
Cistanche deserticola,http://www.wikidata.org/entity/Q5122273
Sanguisorba officinalis,http://www.wikidata.org/entity/Q157347
Cynomorium songaricum,http://www.wikidata.org/entity/Q15224518
Citrus aurantium,http://www.wikidata.org/entity/Q147096
Anemarrhena asphodeloides,http://www.wikidata.org/entity/Q4379
Sparganium stoloniferum,http://www.wikidata.org/entity/Q17375248
Brucea javanica,http://www.wikidata.org/entity/Q7691623
Boswellia sacra,http://www.wikidata.org/entity/Q133964
Malva verticillata,http://www.wikidata.org/entity/Q163199
Panax ginseng,http://www.wikidata.org/entity/Q182881
Paeonia lactiflora,http://www.wikidata.org/entity/Q163076
Peucedanum praeruptorum,http://www.wikidata.org/entity/Q10898992
Cullen corylifolium,http://www.wikidata.org/entity/Q15530962
Gentiana scabra,http://www.wikidata.org/entity/Q926053
Amomum kravanh,http://www.wikidata.org/entity/Q50827472
Achyranthes bidentata,http://www.wikidata.org/entity/Q1151611
Elsholtzia ciliata,http://www.wikidata.org/entity/Q1357371
Asarum heterotropoides,http://www.wikidata.org/entity/Q11062929
Dryobalanops aromatica,http://www.wikidata.org/entity/Q3040199
Potentilla chinensis,http://www.wikidata.org/entity/Q6824523
Alpinia hainanensis,http://www.wikidata.org/entity/Q10811788
Cyperus rotundus,http://www.wikidata.org/entity/Q1391422
Lepidium apetalum,http://www.wikidata.org/entity/Q12590790
Gastrodia elata,http://www.wikidata.org/entity/Q650760
Asparagus cochinchinensis,http://www.wikidata.org/entity/Q8207156
Smilax china,http://www.wikidata.org/entity/Q163095
Phyllostachys nigra,http://www.wikidata.org/entity/Q983798
Scrophularia buergeriana,http://www.wikidata.org/entity/Q10903747
Lycopus lucidus,http://www.wikidata.org/entity/Q2913472
Cnidium officinale,http://www.wikidata.org/entity/Q27613460
Artemisia annua,http://www.wikidata.org/entity/Q1308044
Lanxangia tsaoko,http://www.wikidata.org/entity/Q4747507
Citrus trifoliata,http://www.wikidata.org/entity/Q15390761
Celosia argentea,http://www.wikidata.org/entity/Q161816
Atractylodes lancea,http://www.wikidata.org/entity/Q5202812
Reynoutria japonica,http://www.wikidata.org/entity/Q18421053
Xanthium strumarium,http://www.wikidata.org/entity/Q857159
Eclipta prostrata,http://www.wikidata.org/entity/Q857092
Prunus armeniaca,http://www.wikidata.org/entity/Q37453
Schizonepeta tenuifolia,http://www.wikidata.org/entity/Q5962888
Trigonella foenum-graecum,http://www.wikidata.org/entity/Q133205
Coix lacryma-jobi var. ma-yuen,http://www.wikidata.org/entity/Q24885820
Prunus tomentosa,http://www.wikidata.org/entity/Q627393
Alisma plantago-aquatica subsp. orientale,http://www.wikidata.org/entity/Q28806263
Pinellia ternata,http://www.wikidata.org/entity/Q1258277
Dioscorea polystachya,http://www.wikidata.org/entity/Q5279593
Vigna angularis,http://www.wikidata.org/entity/Q380279
Tetrapanax papyrifer,http://www.wikidata.org/entity/Q712166
Gardenia jasminoides,http://www.wikidata.org/entity/Q1072101
Corydalis turtschaninovii,http://www.wikidata.org/entity/Q11180396
Nardostachys jatamansi,http://www.wikidata.org/entity/Q24853263
Isatis tinctoria,http://www.wikidata.org/entity/Q212547
Dioscorea tokoro,http://www.wikidata.org/entity/Q11046800
Codonopsis pilosula,http://www.wikidata.org/entity/Q1076269
Polygonum aviculare,http://www.wikidata.org/entity/Q242573
Codonopsis lanceolata,http://www.wikidata.org/entity/Q1040125
Erycibe obtusifolia,http://www.wikidata.org/entity/Q10864155
Ampelopsis japonica,http://www.wikidata.org/entity/Q4111838
Patrinia scabiosifolia,http://www.wikidata.org/entity/Q851698
Lysimachia foenum-graecum,http://www.wikidata.org/entity/Q15228264
Scutellaria barbata,http://www.wikidata.org/entity/Q4115797
Lindera obtusiloba,http://www.wikidata.org/entity/Q909285
Ephedra sinica,http://www.wikidata.org/entity/Q2602813
Typha orientalis,http://www.wikidata.org/entity/Q3546132
Atractylodes japonica,http://www.wikidata.org/entity/Q10893998
Piper longum,http://www.wikidata.org/entity/Q685336
Dryopteris crassirhizoma,http://www.wikidata.org/entity/Q2043064
Aconitum carmichaelii,http://www.wikidata.org/entity/Q2561734
Scutellaria baicalensis,http://www.wikidata.org/entity/Q803769
Iris domestica,http://www.wikidata.org/entity/Q1190377
Scurrula parasitica,http://www.wikidata.org/entity/Q14623244
Actaea heracleifolia,http://www.wikidata.org/entity/Q573827
Prunus persica,http://www.wikidata.org/entity/Q13189
Lilium lancifolium,http://www.wikidata.org/entity/Q266317
Tussilago farfara,http://www.wikidata.org/entity/Q26302
Curcuma longa,http://www.wikidata.org/entity/Q42562
Pogostemon cablin,http://www.wikidata.org/entity/Q257757
Selaginella tamariscina,http://www.wikidata.org/entity/Q5872320
Polygonatum sibiricum,http://www.wikidata.org/entity/Q12227443
Momordica cochinchinensis,http://www.wikidata.org/entity/Q311079
Pyrrosia lingua,http://www.wikidata.org/entity/Q3281617
Lindera aggregata,http://www.wikidata.org/entity/Q3205609
Eucommia ulmoides,http://www.wikidata.org/entity/Q131528
Ipomoea nil,http://www.wikidata.org/entity/Q162117
Scaphium affine,http://www.wikidata.org/entity/Q15382787
Dictamnus albus,http://www.wikidata.org/entity/Q157755
Actinidia chinensis,http://www.wikidata.org/entity/Q163522
Chaenomeles sinensis,http://www.wikidata.org/entity/Q15535512
Aristolochia debilis,http://www.wikidata.org/entity/Q11289074
Torilis japonica,http://www.wikidata.org/entity/Q1468770
Saussurea costus,http://www.wikidata.org/entity/Q1661525
Inula japonica,http://www.wikidata.org/entity/Q11085405
Aloe ferox,http://www.wikidata.org/entity/Q1194889
Areca catechu,http://www.wikidata.org/entity/Q156969
Taraxacum platycarpum,http://www.wikidata.org/entity/Q5709438
Lysimachia christinae,http://www.wikidata.org/entity/Q15224739
Cirsium japonicum,http://www.wikidata.org/entity/Q5708539
Commiphora myrrha,http://www.wikidata.org/entity/Q164609
Strychnos ignatii,http://www.wikidata.org/entity/Q1296183
Pinus densiflora,http://www.wikidata.org/entity/Q1044186
Astragalus propinquus,http://www.wikidata.org/entity/Q1131804
Agrimonia pilosa,http://www.wikidata.org/entity/Q163096
Eriobotrya japonica,http://www.wikidata.org/entity/Q41505
Phellodendron amurense,http://www.wikidata.org/entity/Q481711
Magnolia denudata,http://www.wikidata.org/entity/Q794061
Cibotium barometz,http://www.wikidata.org/entity/Q2672719
Alpinia officinarum,http://www.wikidata.org/entity/Q1281083
Acorus gramineus,http://www.wikidata.org/entity/Q2544575
Biancaea sappan,http://www.wikidata.org/entity/Q56088062
Buddleja officinalis,http://www.wikidata.org/entity/Q4984693
Senna obtusifolia,http://www.wikidata.org/entity/Q1378803
Portulaca oleracea,http://www.wikidata.org/entity/Q158015
Ligustrum lucidum,http://www.wikidata.org/entity/Q732933
Vincetoxicum atratum,http://www.wikidata.org/entity/Q18084173
Houttuynia cordata,http://www.wikidata.org/entity/Q164091
Gentiana macrophylla,http://www.wikidata.org/entity/Q1040115
Strychnos nux-vomica,http://www.wikidata.org/entity/Q272945
Aglaomorpha fortunei,http://www.wikidata.org/entity/Q66448818
Polygonatum odoratum,http://www.wikidata.org/entity/Q157430
Mentha canadensis,http://www.wikidata.org/entity/Q2977225
Rubus coreanus,http://www.wikidata.org/entity/Q841330
Cynanchum wilfordii,http://www.wikidata.org/entity/Q6668428
Anethum graveolens,http://www.wikidata.org/entity/Q26686
Luffa aegyptiaca,http://www.wikidata.org/entity/Q2308434
Bupleurum falcatum,http://www.wikidata.org/entity/Q1152744
Spirodela polyrrhiza,http://www.wikidata.org/entity/Q154500
Cinnamomum verum,http://www.wikidata.org/entity/Q370239
Ligusticum tenuissimum,http://www.wikidata.org/entity/Q15231785
Allium tuberosum,http://www.wikidata.org/entity/Q42285
Gossypium arboreum,http://www.wikidata.org/entity/Q310124
Dendrobium moniliforme,http://www.wikidata.org/entity/Q163663
Curculigo orchioides,http://www.wikidata.org/entity/Q5194664
Zanthoxylum schinifolium,http://www.wikidata.org/entity/Q15249901
Cirsium japonicum var. maackii,http://www.wikidata.org/entity/Q51839284
Ulmus macrocarpa,http://www.wikidata.org/entity/Q1037467
Plantago asiatica,http://www.wikidata.org/entity/Q1193995
Akebia quinata,http://www.wikidata.org/entity/Q1482093
Paeonia suffruticosa,http://www.wikidata.org/entity/Q163018
Forsythia suspensa,http://www.wikidata.org/entity/Q1275024
Rumex japonicus,http://www.wikidata.org/entity/Q5979965
Tetradium ruticarpum,http://www.wikidata.org/entity/Q10919698
Eleutherococcus senticosus,http://www.wikidata.org/entity/Q894245
Lithospermum erythrorhizon,http://www.wikidata.org/entity/Q15592453
Coptis japonica,http://www.wikidata.org/entity/Q11291736
Sinomenium acutum,http://www.wikidata.org/entity/Q3485032
Illicium verum,http://www.wikidata.org/entity/Q2878644
Saposhnikovia divaricata,http://www.wikidata.org/entity/Q5100860
Rosa multiflora,http://www.wikidata.org/entity/Q133617
Cinnamomum aromaticum,http://www.wikidata.org/entity/Q21156956
Epimedium koreanum,http://www.wikidata.org/entity/Q850318
Wolfiporia cocos,http://www.wikidata.org/entity/Q3115198
Glycyrrhiza uralensis,http://www.wikidata.org/entity/Q1196166
Eleutherococcus sessiliflorus,http://www.wikidata.org/entity/Q4531172
Adenophora triphylla var. japonica,http://www.wikidata.org/entity/Q11318815
Angelica gigas,http://www.wikidata.org/entity/Q1038017
Glechoma longituba,http://www.wikidata.org/entity/Q11147592
Aconitum kusnezoffii,http://www.wikidata.org/entity/Q3281700
Sophora tonkinensis,http://www.wikidata.org/entity/Q7563135
Rubia argyi,http://www.wikidata.org/entity/Q10869718
Glehnia littoralis,http://www.wikidata.org/entity/Q15548072
Senna sulfurea,http://www.wikidata.org/entity/Q11176499
Cordyline fruticosa,http://www.wikidata.org/entity/Q2717614
Goniothalamus gabriacianus,http://www.wikidata.org/entity/Q10887497
Stereospermum neuranthum,http://www.wikidata.org/entity/Q11126673
Vitex peduncularis,http://www.wikidata.org/entity/Q15237109
Eperua falcata,http://www.wikidata.org/entity/Q3055689
Homonoia riparia,http://www.wikidata.org/entity/Q11129985
Flemingia macrophylla,http://www.wikidata.org/entity/Q10933917
Balakata baccata,http://www.wikidata.org/entity/Q15385231
Isertia coccinea,http://www.wikidata.org/entity/Q15464082
Piper massiei,http://www.wikidata.org/entity/Q18036830
Solena amplexicaulis,http://www.wikidata.org/entity/Q13112254
Garcinia multiflora,http://www.wikidata.org/entity/Q10757703
Dalbergia dongnaiensis,http://www.wikidata.org/entity/Q15472606
Hydrocharis dubia,http://www.wikidata.org/entity/Q1640221
Geissospermum laeve,http://www.wikidata.org/entity/Q15353359
Euterpe oleracea,http://www.wikidata.org/entity/Q33943
Nephrolepis exaltata,http://www.wikidata.org/entity/Q136883
Ehretia lycioides,http://www.wikidata.org/entity/Q17415788
Streblus ilicifolius,http://www.wikidata.org/entity/Q10898597
Flemingia grahamiana,http://www.wikidata.org/entity/Q15240424
Bagassa guianensis,http://www.wikidata.org/entity/Q653223
Dracontium polyphyllum,http://www.wikidata.org/entity/Q15312966
Garcinia xanthochymus,http://www.wikidata.org/entity/Q3095353
Phoebe tavoyana,http://www.wikidata.org/entity/Q10878021
Dalbergia stipulacea,http://www.wikidata.org/entity/Q11076014
Urena repanda,http://www.wikidata.org/entity/Q11144116
Indigofera atriceps,http://www.wikidata.org/entity/Q15432141
Ziziphus rugosa,http://www.wikidata.org/entity/Q3206372
Hodgsonia macrocarpa,http://www.wikidata.org/entity/Q15247769
Antidesma acidum,http://www.wikidata.org/entity/Q13472050
Pinus merkusii,http://www.wikidata.org/entity/Q209326
Eucalyptus camaldulensis,http://www.wikidata.org/entity/Q162822
Uncaria guianensis,http://www.wikidata.org/entity/Q7882472
Casearia pitumba,http://www.wikidata.org/entity/Q15389271
Bismarckia nobilis,http://www.wikidata.org/entity/Q664462
Eriophyllum confertiflorum,http://www.wikidata.org/entity/Q5389476
Amomum verum,http://www.wikidata.org/entity/Q81735097
Fagus sylvatica,http://www.wikidata.org/entity/Q146149
Ribes nigrum,http://www.wikidata.org/entity/Q146604
Ardisia ionantha,http://www.wikidata.org/entity/Q15323544
Corymbia citriodora,http://www.wikidata.org/entity/Q2549523
Podanthus ovatifolius,http://www.wikidata.org/entity/Q15594201
Thymus vulgaris,http://www.wikidata.org/entity/Q148668
Baccaurea ramiflora,http://www.wikidata.org/entity/Q2993711
Sphagneticola calendulacea,http://www.wikidata.org/entity/Q15602531
Hopea ferrea,http://www.wikidata.org/entity/Q1328439
Rothmannia attopevensis,http://www.wikidata.org/entity/Q15440306
Huperzia serrata,http://www.wikidata.org/entity/Q1044073
Fernandoa acutangula,http://www.wikidata.org/entity/Q15493632
Quassia africana,http://www.wikidata.org/entity/Q15546201
Cinchona calisaya,http://www.wikidata.org/entity/Q15399753
Garcinia pauciflora,http://www.wikidata.org/entity/Q15390933
Garcinia chapelieri,http://www.wikidata.org/entity/Q15390033
Moringa oleifera,http://www.wikidata.org/entity/Q234193
Sterculia lanceolata,http://www.wikidata.org/entity/Q10888701
Simmondsia chinensis,http://www.wikidata.org/entity/Q267749
Artemisia dracunculus,http://www.wikidata.org/entity/Q155814
Moringa drouhardii,http://www.wikidata.org/entity/Q3324101
Atropa belladonna,http://www.wikidata.org/entity/Q156091
Artocarpus heterophyllus,http://www.wikidata.org/entity/Q45757
Bidens pilosa,http://www.wikidata.org/entity/Q814421
Phoenix canariensis,http://www.wikidata.org/entity/Q27657
Calophyllum inophyllum,http://www.wikidata.org/entity/Q311471
Melaleuca leucadendra,http://www.wikidata.org/entity/Q310876
Quassia amara,http://www.wikidata.org/entity/Q135389
Croton alienus,http://www.wikidata.org/entity/Q3003890
Artocarpus altilis,http://www.wikidata.org/entity/Q14677
Origanum vulgare,http://www.wikidata.org/entity/Q134283
Cyperus esculentus,http://www.wikidata.org/entity/Q1165724
Eriophyllum lanatum,http://www.wikidata.org/entity/Q2592617
Connarus cochinchinensis,http://www.wikidata.org/entity/Q15583422
Seriphidium cinum,http://www.wikidata.org/entity/Q657997
Pseuderanthemum crenulatum,http://www.wikidata.org/entity/Q17680844
Lonicera tatarica,http://www.wikidata.org/entity/Q158546
Eucalyptus robusta,http://www.wikidata.org/entity/Q3280527
Abies alba,http://www.wikidata.org/entity/Q146992
Garcinia verrucosa,http://www.wikidata.org/entity/Q15390772
Tropaeolum majus,http://www.wikidata.org/entity/Q156288
Viburnum sambucinum,http://www.wikidata.org/entity/Q17434693
Vitex pinnata,http://www.wikidata.org/entity/Q7937055
Castanopsis purpurella,http://www.wikidata.org/entity/Q15325656
Clausena wallichii,http://www.wikidata.org/entity/Q15390957
Pandanus corniferus,http://www.wikidata.org/entity/Q15576800
Tabernaemontana bovina,http://www.wikidata.org/entity/Q15377309
Uraria crinita,http://www.wikidata.org/entity/Q10891124
Syzygium formosum,http://www.wikidata.org/entity/Q15384803
Dioon edule,http://www.wikidata.org/entity/Q134518
Ziziphus mauritiana,http://www.wikidata.org/entity/Q327859
Wedelia procumbens,http://www.wikidata.org/entity/Q65951428
Meyna pierrei,http://www.wikidata.org/entity/Q15472144
Aporosa villosa,http://www.wikidata.org/entity/Q11128570
Helicteres angustifolia,http://www.wikidata.org/entity/Q15245856
Litsea monopetala,http://www.wikidata.org/entity/Q10888601
Mallotus paniculatus,http://www.wikidata.org/entity/Q15247339
Embelia tsjeriam-cottam,http://www.wikidata.org/entity/Q15324439
Wrightia arborea,http://www.wikidata.org/entity/Q13114255
Thyrsanthera suborbicularis,http://www.wikidata.org/entity/Q15392549
Tephrosia vestita,http://www.wikidata.org/entity/Q11177988
Jasminum nervosum,http://www.wikidata.org/entity/Q623259
Toxocarpus bonii,http://www.wikidata.org/entity/Q18079457
Capparis micracantha,http://www.wikidata.org/entity/Q15226408
Tradescantia zebrina,http://www.wikidata.org/entity/Q169381
Talipariti tiliaceum,http://www.wikidata.org/entity/Q715899
Lygodium falcatum,http://www.wikidata.org/entity/Q6707803
Bursera fagaroides,http://www.wikidata.org/entity/Q2367254
Bauhinia viridescens,http://www.wikidata.org/entity/Q15225718
Ceratozamia miqueliana,http://www.wikidata.org/entity/Q859580
Bombax anceps,http://www.wikidata.org/entity/Q15358269
Tetrastigma cruciatum,http://www.wikidata.org/entity/Q10904577
Tetracera indica,http://www.wikidata.org/entity/Q15634518
Banisteriopsis caapi,http://www.wikidata.org/entity/Q133573
Strychnos umbellata,http://www.wikidata.org/entity/Q10885540
Xylia xylocarpa,http://www.wikidata.org/entity/Q1939480
Wollastonia biflora,http://www.wikidata.org/entity/Q24851904
Willughbeia edulis,http://www.wikidata.org/entity/Q8022505
Ceratozamia lemanis,http://www.wikidata.org/entity/Q845714
Olax imbricata,http://www.wikidata.org/entity/Q15063539
Prismatomeris tetrandra,http://www.wikidata.org/entity/Q15489104
Sterculia pexa,http://www.wikidata.org/entity/Q10950986
Licuala spinosa,http://www.wikidata.org/entity/Q5227738
Streptocaulon juventas,http://www.wikidata.org/entity/Q11090363
Limonia acidissima,http://www.wikidata.org/entity/Q935616
Leucaena leucocephala,http://www.wikidata.org/entity/Q35905
Melochia umbellata,http://www.wikidata.org/entity/Q6813281
Afzelia xylocarpa,http://www.wikidata.org/entity/Q142075
Melastoma saigonense,http://www.wikidata.org/entity/Q15392997
Lithocarpus elegans,http://www.wikidata.org/entity/Q15317577
Hydnophytum formicarum,http://www.wikidata.org/entity/Q1640090
Markhamia stipulata,http://www.wikidata.org/entity/Q15550965
Pithecellobium dulce,http://www.wikidata.org/entity/Q15248750
Knema globularia,http://www.wikidata.org/entity/Q5399660
Mussaenda cambodiana,http://www.wikidata.org/entity/Q15476044
Hymenocardia punctata,http://www.wikidata.org/entity/Q15514019
Phyllanthus emblica,http://www.wikidata.org/entity/Q310050
Pterocarpus macrocarpus,http://www.wikidata.org/entity/Q310157
Manilkara zapota,http://www.wikidata.org/entity/Q14959
Parameria laevigata,http://www.wikidata.org/entity/Q15225303
Stephania venosa,http://www.wikidata.org/entity/Q13021990
Schefflera littorea,http://www.wikidata.org/entity/Q15558710
Holarrhena pubescens,http://www.wikidata.org/entity/Q9096302
Holarrhena curtisii,http://www.wikidata.org/entity/Q15357096
Litchi chinensis,http://www.wikidata.org/entity/Q13182
Hibiscus sabdariffa,http://www.wikidata.org/entity/Q319390
Ochna integerrima,http://www.wikidata.org/entity/Q385214
Mangifera duperreana,http://www.wikidata.org/entity/Q18082502
Morinda citrifolia,http://www.wikidata.org/entity/Q234238
Spondias pinnata,http://www.wikidata.org/entity/Q9395416
Rhizophora apiculata,http://www.wikidata.org/entity/Q920906
Nauclea officinalis,http://www.wikidata.org/entity/Q10763503
Sambucus canadensis,http://www.wikidata.org/entity/Q21877280
Solanum sakhanii,http://www.wikidata.org/entity/Q93212539
Memecylon acuminatum,http://www.wikidata.org/entity/Q17585611
Spirolobium cambodianum,http://www.wikidata.org/entity/Q15613616
Sesbania javanica,http://www.wikidata.org/entity/Q11142855
Ludwigia adscendens,http://www.wikidata.org/entity/Q11130835
Shorea roxburghii,http://www.wikidata.org/entity/Q1329892
Schleichera oleosa,http://www.wikidata.org/entity/Q13094301
Peliosanthes weberi,http://www.wikidata.org/entity/Q15523276
Garcinia vilersiana,http://www.wikidata.org/entity/Q15386510
Dillenia obovata,http://www.wikidata.org/entity/Q17398382
Erythrina fusca,http://www.wikidata.org/entity/Q1247964
Dischidia nummularia,http://www.wikidata.org/entity/Q15397553
Dendrolobium ursinum,http://www.wikidata.org/entity/Q15532771
Connarus semidecandrus,http://www.wikidata.org/entity/Q15583684
Cycas siamensis,http://www.wikidata.org/entity/Q6855658
Coscinium fenestratum,http://www.wikidata.org/entity/Q13113872
Euonymus indicus,http://www.wikidata.org/entity/Q160578
Ficus hirta,http://www.wikidata.org/entity/Q15224195
Gardenia obtusifolia,http://www.wikidata.org/entity/Q15455499
Dioscorea hispida,http://www.wikidata.org/entity/Q10752741
Flacourtia jangomas,http://www.wikidata.org/entity/Q1900509
Eriocaulon sexangulare,http://www.wikidata.org/entity/Q10905591
Desmodium heterophyllum,http://www.wikidata.org/entity/Q10770714
Garcinia hanburyi,http://www.wikidata.org/entity/Q767747
Eurycoma longifolia,http://www.wikidata.org/entity/Q311710
Dracaena cambodiana,http://www.wikidata.org/entity/Q11150362
Drosera burmannii,http://www.wikidata.org/entity/Q104252526
Curcuma alismatifolia,http://www.wikidata.org/entity/Q633124
Dendrolobium lanceolatum,http://www.wikidata.org/entity/Q10906362
Colona auriculata,http://www.wikidata.org/entity/Q15362596
Crateva adansonii,http://www.wikidata.org/entity/Q15545890
Dalbergia bariensis,http://www.wikidata.org/entity/Q5210247
Ficus altissima,http://www.wikidata.org/entity/Q4921039
Garcinia mangostana,http://www.wikidata.org/entity/Q170662
Dacrydium elatum,http://www.wikidata.org/entity/Q5207749
Dillenia pentagyna,http://www.wikidata.org/entity/Q10960107
Melicope pahangensis,http://www.wikidata.org/entity/Q15390964
Diospyros decandra,http://www.wikidata.org/entity/Q4925668
Derris scandens,http://www.wikidata.org/entity/Q91473446
Garcinia lanessanii,http://www.wikidata.org/entity/Q15391372
Diospyros pilosanthera,http://www.wikidata.org/entity/Q15340524
Corchorus capsularis,http://www.wikidata.org/entity/Q3190566
Dolichandrone columnaris,http://www.wikidata.org/entity/Q15549038
Combretum quadrangulare,http://www.wikidata.org/entity/Q5150965
Dalbergia lanceolaria,http://www.wikidata.org/entity/Q15531815
Ficus racemosa,http://www.wikidata.org/entity/Q713794
Citrus lucida,http://www.wikidata.org/entity/Q21247907
Flagellaria indica,http://www.wikidata.org/entity/Q3336886
Dillenia hookeri,http://www.wikidata.org/entity/Q17398344
Helicteres hirsuta,http://www.wikidata.org/entity/Q15234525
Ampelocissus arachnoidea,http://www.wikidata.org/entity/Q15558429
Casearia grewiifolia,http://www.wikidata.org/entity/Q18119727
Caesalpinia pulcherrima,http://www.wikidata.org/entity/Q1428973
Bauhinia pulla,http://www.wikidata.org/entity/Q15460723
Avicennia marina,http://www.wikidata.org/entity/Q312094
Vepris macrophylla,http://www.wikidata.org/entity/Q15394395
Chonemorpha griffithii,http://www.wikidata.org/entity/Q18075107
Antidesma ghaesembilla,http://www.wikidata.org/entity/Q11084666
Bauhinia bracteata,http://www.wikidata.org/entity/Q13026477
Azima tetracantha,http://www.wikidata.org/entity/Q4832599
Xerosicyos danguyi,http://www.wikidata.org/entity/Q17429672
Xerosicyos perrieri,http://www.wikidata.org/entity/Q17429669
Boerhavia diffusa,http://www.wikidata.org/entity/Q311457
Cerbera manghas,http://www.wikidata.org/entity/Q714955
Cananga brandisiana,http://www.wikidata.org/entity/Q17133513
Allophylus cobbe,http://www.wikidata.org/entity/Q4733116
Butea superba,http://www.wikidata.org/entity/Q1759047
Senna garrettiana,http://www.wikidata.org/entity/Q15536814
Albizia myriophylla,http://www.wikidata.org/entity/Q15493169
Cissus repanda,http://www.wikidata.org/entity/Q8346465
Zingiber zerumbet,http://www.wikidata.org/entity/Q60980
Cassia grandis,http://www.wikidata.org/entity/Q164094
Xerophyta dasylirioides,http://www.wikidata.org/entity/Q15556031
Artocarpus nitidus,http://www.wikidata.org/entity/Q15470728
Xerosicyos pubescens,http://www.wikidata.org/entity/Q17429668
Calamus salicifolius,http://www.wikidata.org/entity/Q15462027
Aristolochia acuminata,http://www.wikidata.org/entity/Q15297667
Cleistanthus tomentosus,http://www.wikidata.org/entity/Q15247717
Cassia javanica,http://www.wikidata.org/entity/Q164110
Breynia vitis-idaea,http://www.wikidata.org/entity/Q154969
Acanthus ilicifolius,http://www.wikidata.org/entity/Q1021004
Vepris lepidota,http://www.wikidata.org/entity/Q18079709
Atalantia citroides,http://www.wikidata.org/entity/Q15388338
Clerodendrum palmatolobatum,http://www.wikidata.org/entity/Q15381462
Zanthoxylum decaryi,http://www.wikidata.org/entity/Q18082569
Bombax ceiba,http://www.wikidata.org/entity/Q13399160
Canarium luzonicum,http://www.wikidata.org/entity/Q5157337
Careya arborea,http://www.wikidata.org/entity/Q2718249
Mangifera altissima,http://www.wikidata.org/entity/Q15539322
Butea monosperma,http://www.wikidata.org/entity/Q942203
Borassus flabellifer,http://www.wikidata.org/entity/Q500857
Bruguiera cylindrica,http://www.wikidata.org/entity/Q4978700
Cayratia trifolia,http://www.wikidata.org/entity/Q90431456
Stephanotis floribunda,http://www.wikidata.org/entity/Q1786657
Salvadora angustifolia,http://www.wikidata.org/entity/Q15420085
Psiadia glutinosa,http://www.wikidata.org/entity/Q15599476
Psiadia altissima,http://www.wikidata.org/entity/Q3409947
Strychnos spinosa,http://www.wikidata.org/entity/Q2704877
Secamone ligustrifolia,http://www.wikidata.org/entity/Q18078946
Psiadia angustifolia,http://www.wikidata.org/entity/Q15600075
Schefflera arboricola,http://www.wikidata.org/entity/Q137455
Turraea sericea,http://www.wikidata.org/entity/Q15526989
Rauvolfia media,http://www.wikidata.org/entity/Q14861848
Strychnos decussata,http://www.wikidata.org/entity/Q13035119
Vepris unifoliolata,http://www.wikidata.org/entity/Q15394929
Solanum melongena,http://www.wikidata.org/entity/Q7540
Tambourissa castri-delphinii,http://www.wikidata.org/entity/Q18075981
Uncarina stellulifera,http://www.wikidata.org/entity/Q17715850
Stereospermum variabile,http://www.wikidata.org/entity/Q15552104
Strychnos madagascariensis,http://www.wikidata.org/entity/Q13034408
Laportea oligoloba,http://www.wikidata.org/entity/Q15610074
Uncarina grandidieri,http://www.wikidata.org/entity/Q3549194
Typhonodorum lindleyanum,http://www.wikidata.org/entity/Q15329331
Solanum erythracanthum,http://www.wikidata.org/entity/Q15535271
Sansevieria metallica,http://www.wikidata.org/entity/Q2222589
Tambourissa trichophylla,http://www.wikidata.org/entity/Q18075529
Solanum macrocarpon,http://www.wikidata.org/entity/Q7479565
Vepris elliotii,http://www.wikidata.org/entity/Q15394888
Stadmania acuminata,http://www.wikidata.org/entity/Q18073281
Spermacoce verticillata,http://www.wikidata.org/entity/Q13635748
Senecio antandroi,http://www.wikidata.org/entity/Q7450368
Uncarina decaryi,http://www.wikidata.org/entity/Q17715860
Tambourissa amplifolia,http://www.wikidata.org/entity/Q15594269
Stadmania oppositifolia,http://www.wikidata.org/entity/Q15529777
Tridax procumbens,http://www.wikidata.org/entity/Q2717999
Sida rhombifolia,http://www.wikidata.org/entity/Q3595921
Sclerocarya birrea,http://www.wikidata.org/entity/Q675778
Paederia argentea,http://www.wikidata.org/entity/Q15482837
Operculicarya pachypus,http://www.wikidata.org/entity/Q18077030
Operculicarya hyphaenoides,http://www.wikidata.org/entity/Q18076851
Megistostegium nodulosum,http://www.wikidata.org/entity/Q15376789
Kalanchoe arborescens,http://www.wikidata.org/entity/Q310624
Kalanchoe linearifolia,http://www.wikidata.org/entity/Q1721998
Pluchea grevei,http://www.wikidata.org/entity/Q15445374
Jatropha mahafalensis,http://www.wikidata.org/entity/Q15393963
Obetia madagascariensis,http://www.wikidata.org/entity/Q15612115
Phyllanthus casticum,http://www.wikidata.org/entity/Q15450347
Megistostegium microphyllum,http://www.wikidata.org/entity/Q17580535
Helmiopsis hily,http://www.wikidata.org/entity/Q15371571
Hibiscus ferrugineus,http://www.wikidata.org/entity/Q15372997
Jatropha multifida,http://www.wikidata.org/entity/Q2859740
Megistostegium perrieri,http://www.wikidata.org/entity/Q17580534
Paederia farinosa,http://www.wikidata.org/entity/Q15481627
Operculicarya decaryi,http://www.wikidata.org/entity/Q3067579
Loeseneriella urceolus,http://www.wikidata.org/entity/Q15320027
Pachira aquatica,http://www.wikidata.org/entity/Q310500
Phyllarthron bernierianum,http://www.wikidata.org/entity/Q15551571
Podocarpus madagascariensis,http://www.wikidata.org/entity/Q5410713
Nuxia coriacea,http://www.wikidata.org/entity/Q17759379
Jatropha podagrica,http://www.wikidata.org/entity/Q5240151
Maerua nuda,http://www.wikidata.org/entity/Q17246456
Tabernaemontana coffeoides,http://www.wikidata.org/entity/Q15376858
Malleastrum horokoke,http://www.wikidata.org/entity/Q18080263
Maerua filiformis,http://www.wikidata.org/entity/Q17245045
Plumbago aphylla,http://www.wikidata.org/entity/Q17247030
Plectaneia stenophylla,http://www.wikidata.org/entity/Q15372427
Nymphaea nouchali,http://www.wikidata.org/entity/Q2663639
Phyllanthus niruri,http://www.wikidata.org/entity/Q2719836
Kalanchoe delagoensis,http://www.wikidata.org/entity/Q137831
Marsdenia verrucosa,http://www.wikidata.org/entity/Q18081906
Neobeguea mahafaliensis,http://www.wikidata.org/entity/Q104838416
Passiflora foetida,http://www.wikidata.org/entity/Q1766333
Opuntia ficus-indica,http://www.wikidata.org/entity/Q144412
Phyllarthron bojeranum,http://www.wikidata.org/entity/Q15551658
Elegia microcarpa,http://www.wikidata.org/entity/Q17375210
Croton isomonensis,http://www.wikidata.org/entity/Q3004505
Ehretia cymosa,http://www.wikidata.org/entity/Q15587084
Datura stramonium,http://www.wikidata.org/entity/Q30959
Givotia madagascariensis,http://www.wikidata.org/entity/Q15390802
Croton mavoravina,http://www.wikidata.org/entity/Q3004702
Crotalaria laevigata,http://www.wikidata.org/entity/Q15449723
Cryptostegia madagascariensis,http://www.wikidata.org/entity/Q15397864
Dolichos fangitsa,http://www.wikidata.org/entity/Q15533384
Crotalaria retusa,http://www.wikidata.org/entity/Q10917487
Croton meridionalis,http://www.wikidata.org/entity/Q3004739
Flacourtia indica,http://www.wikidata.org/entity/Q621082
Gladiolus dalenii,http://www.wikidata.org/entity/Q2109825
Euphorbia cedrorum,http://www.wikidata.org/entity/Q1338052
Cyphostemma laza,http://www.wikidata.org/entity/Q15567048
Halleria ligustrifolia,http://www.wikidata.org/entity/Q55865051
Cyphostemma elephantopus,http://www.wikidata.org/entity/Q5795537
Dombeya greveana,http://www.wikidata.org/entity/Q17573819
Dombeya lucida,http://www.wikidata.org/entity/Q15365819
Grevillea robusta,http://www.wikidata.org/entity/Q1989614
Harungana madagascariensis,http://www.wikidata.org/entity/Q17566166
Dodonaea viscosa,http://www.wikidata.org/entity/Q58393
Euonymus perrieri,http://www.wikidata.org/entity/Q161383
Grewia microcyclea,http://www.wikidata.org/entity/Q15369486
Ehretia angolensis,http://www.wikidata.org/entity/Q15588047
Cynanchum mahafalense,http://www.wikidata.org/entity/Q15397424
Gymnosporia linearis,http://www.wikidata.org/entity/Q15342070
Euphorbia pervilleana,http://www.wikidata.org/entity/Q5851826
Euphorbia alluaudii,http://www.wikidata.org/entity/Q1945608
Cynanchum menarandrense,http://www.wikidata.org/entity/Q15398565
Crotalaria grevei,http://www.wikidata.org/entity/Q15448078
Adansonia za,http://www.wikidata.org/entity/Q131825
Senna meridionalis,http://www.wikidata.org/entity/Q15536837
Commiphora brevicalyx,http://www.wikidata.org/entity/Q15543369
Commiphora aprevalii,http://www.wikidata.org/entity/Q15543759
Commiphora monstruosa,http://www.wikidata.org/entity/Q15543685
Buddleja madagascariensis,http://www.wikidata.org/entity/Q2265513
Cajanus cajan,http://www.wikidata.org/entity/Q632559
Crinum firmifolium,http://www.wikidata.org/entity/Q15506651
Commiphora simplicifolia,http://www.wikidata.org/entity/Q15544401
Combretum grandidieri,http://www.wikidata.org/entity/Q43373450
Commiphora lamii,http://www.wikidata.org/entity/Q15543859
Cedrelopsis grevei,http://www.wikidata.org/entity/Q1052593
Cadaba virgata,http://www.wikidata.org/entity/Q15542970
Argemone mexicana,http://www.wikidata.org/entity/Q683404
Artocarpus integer,http://www.wikidata.org/entity/Q1053368
Adansonia rubrostipa,http://www.wikidata.org/entity/Q137274
Breonadia salicina,http://www.wikidata.org/entity/Q4961812
Senna viguierella,http://www.wikidata.org/entity/Q15537819
Chadsia grevei,http://www.wikidata.org/entity/Q15528494
Capitanopsis angustifolia,http://www.wikidata.org/entity/Q15350087
Crotalaria fiherenensis,http://www.wikidata.org/entity/Q15448147
Astrotrichilia valiandra,http://www.wikidata.org/entity/Q15539188
Viguieranthus alternans,http://www.wikidata.org/entity/Q14554262
Adenia monadelpha,http://www.wikidata.org/entity/Q15606585
Capitanopsis cloiselii,http://www.wikidata.org/entity/Q15350162
Acalypha decaryana,http://www.wikidata.org/entity/Q9573579
Adenia olaboensis,http://www.wikidata.org/entity/Q15606913
Boscia longifolia,http://www.wikidata.org/entity/Q15543916
Anthocleista longifolia,http://www.wikidata.org/entity/Q15612529
Carissa bispinosa,http://www.wikidata.org/entity/Q12234248
Brunfelsia grandiflora,http://www.wikidata.org/entity/Q289244
Combretum coccineum,http://www.wikidata.org/entity/Q15570160
Dolichandrone spathacea,http://www.wikidata.org/entity/Q2679494
Baliospermum solanifolium,http://www.wikidata.org/entity/Q15386102
Lespedeza capitata,http://www.wikidata.org/entity/Q1950833
Lindenbergia philippensis,http://www.wikidata.org/entity/Q15245083
Vachellia harmandiana,http://www.wikidata.org/entity/Q93327839
Aquilaria agallocha,http://www.wikidata.org/entity/Q18120440
Knema oblongifolia,http://www.wikidata.org/entity/Q5438126
Pandanus amaryllifolius,http://www.wikidata.org/entity/Q311090
Catharanthus ovalis,http://www.wikidata.org/entity/Q9710429
Mallotus nudiflorus,http://www.wikidata.org/entity/Q15361640
Senna alexandrina,http://www.wikidata.org/entity/Q132675
Terminalia acuminata,http://www.wikidata.org/entity/Q11120322
Dracaena draco,http://www.wikidata.org/entity/Q157952
Aglaia simplicifolia,http://www.wikidata.org/entity/Q4692830
Typhonium trilobatum,http://www.wikidata.org/entity/Q12848810
Dieffenbachia seguine,http://www.wikidata.org/entity/Q141806
Solidago virgaurea,http://www.wikidata.org/entity/Q599435
Selenicereus grandiflorus,http://www.wikidata.org/entity/Q137139
Stauntonia brunoniana,http://www.wikidata.org/entity/Q10865526
Euonymus sanguineus,http://www.wikidata.org/entity/Q12839346
Mussaenda sanderiana,http://www.wikidata.org/entity/Q15474249
Pachygone odorifera,http://www.wikidata.org/entity/Q26228227
Aporosa planchoniana,http://www.wikidata.org/entity/Q10891715
Euphorbia tirucalli,http://www.wikidata.org/entity/Q883685
Ajuga forrestii,http://www.wikidata.org/entity/Q15246849
Plumeria rubra,http://www.wikidata.org/entity/Q1097328
Ailanthus triphysa,http://www.wikidata.org/entity/Q2110253
Syzygium cumini,http://www.wikidata.org/entity/Q232571
Croton thorelii,http://www.wikidata.org/entity/Q3005275
Aphanamixis polystachya,http://www.wikidata.org/entity/Q2715899
Glycosmis cochinchinensis,http://www.wikidata.org/entity/Q11046004
Zanthoxylum austrosinense,http://www.wikidata.org/entity/Q11050104
Catharanthus lanceus,http://www.wikidata.org/entity/Q9710427
Ixora macrothyrsa,http://www.wikidata.org/entity/Q15465569
Alchornea rugosa,http://www.wikidata.org/entity/Q15248201
Uncaria homomalla,http://www.wikidata.org/entity/Q10903971
Hymenodictyon flaccidum,http://www.wikidata.org/entity/Q10927884
Cnestis palala,http://www.wikidata.org/entity/Q15231964
Scindapsus officinalis,http://www.wikidata.org/entity/Q9334552
Amaranthus tricolor,http://www.wikidata.org/entity/Q3242205
Gossypium herbaceum,http://www.wikidata.org/entity/Q177615
Physalis peruviana,http://www.wikidata.org/entity/Q165227
Gynandropsis gynandra,http://www.wikidata.org/entity/Q19849772
Pavetta indica,http://www.wikidata.org/entity/Q13113941
Sesbania bispinosa,http://www.wikidata.org/entity/Q3480581
Pentace burmanica,http://www.wikidata.org/entity/Q17580831
Chromolaena odorata,http://www.wikidata.org/entity/Q2583146
Clerodendrum chinense,http://www.wikidata.org/entity/Q10475331
Albizia vialeana,http://www.wikidata.org/entity/Q15493044
Pandanus odorifer,http://www.wikidata.org/entity/Q15578898
Clerodendrum paniculatum,http://www.wikidata.org/entity/Q6579242
Aegle marmelos,http://www.wikidata.org/entity/Q234126
Pluchea indica,http://www.wikidata.org/entity/Q4217123
Castanopsis indica,http://www.wikidata.org/entity/Q303835
Cymbidium aloifolium,http://www.wikidata.org/entity/Q1596232
Alpinia galanga,http://www.wikidata.org/entity/Q402971
Halopegia blumei,http://www.wikidata.org/entity/Q15329207
Caesalpinia digyna,http://www.wikidata.org/entity/Q42674676
Dracaena cochinchinensis,http://www.wikidata.org/entity/Q10899151
Acacia cognata,http://www.wikidata.org/entity/Q4670894
Spondias lakonensis,http://www.wikidata.org/entity/Q101864391
Gouania leptostachya,http://www.wikidata.org/entity/Q10921319
Plumbago indica,http://www.wikidata.org/entity/Q3025990
Ocimum tenuiflorum,http://www.wikidata.org/entity/Q960124
Alocasia macrorrhizos,http://www.wikidata.org/entity/Q1484310
Helicteres isora,http://www.wikidata.org/entity/Q5705291
Microcos tomentosa,http://www.wikidata.org/entity/Q15376934
Amorphophallus paeoniifolius,http://www.wikidata.org/entity/Q151527
Phyllanthus acidus,http://www.wikidata.org/entity/Q941464
Amaranthus viridis,http://www.wikidata.org/entity/Q3245265
Rhaphidophora decursiva,http://www.wikidata.org/entity/Q7320221
Clematis chrysocoma,http://www.wikidata.org/entity/Q3337405
Benkara depauperata,http://www.wikidata.org/entity/Q15399367
Antidesma cochinchinense,http://www.wikidata.org/entity/Q15487136
Lagerstroemia spinosa,http://www.wikidata.org/entity/Q1137593
Lygodium salicifolium,http://www.wikidata.org/entity/Q11109443
Omphalea bracteata,http://www.wikidata.org/entity/Q15367606
Nymphaea lotus,http://www.wikidata.org/entity/Q161111
Passiflora edulis,http://www.wikidata.org/entity/Q156790
Phyllanthus pulcher,http://www.wikidata.org/entity/Q625545
Adina cordifolia,http://www.wikidata.org/entity/Q1999760
Entada phaseoloides,http://www.wikidata.org/entity/Q3281753
Alisma plantago-aquatica,http://www.wikidata.org/entity/Q21063
Solanum stramonifolium,http://www.wikidata.org/entity/Q5236925
Buchanania cochinchinensis,http://www.wikidata.org/entity/Q11046004
Donax canniformis,http://www.wikidata.org/entity/Q3263685
Eryngium yuccifolium,http://www.wikidata.org/entity/Q3299859
Bulbophyllum odoratissimum,http://www.wikidata.org/entity/Q1610243
Helwingia omeiensis,http://www.wikidata.org/entity/Q11052086
Pterocymbium dussaudii,http://www.wikidata.org/entity/Q17580770
Abelmoschus manihot,http://www.wikidata.org/entity/Q749221
Citrus hystrix,http://www.wikidata.org/entity/Q465934
Schisandra propinqua,http://www.wikidata.org/entity/Q10916972
Callerya cinerea,http://www.wikidata.org/entity/Q15485034
Alpinia chinensis,http://www.wikidata.org/entity/Q10905692
Elsholtzia fruticosa,http://www.wikidata.org/entity/Q11174323
Salix guebriantiana,http://www.wikidata.org/entity/Q15376229
Begonia palmata,http://www.wikidata.org/entity/Q15225689
Enkianthus quinqueflorus,http://www.wikidata.org/entity/Q10917488
Cyathula prostrata,http://www.wikidata.org/entity/Q11102729
Cupressus duclouxiana,http://www.wikidata.org/entity/Q138085
Vitis vexillata,http://www.wikidata.org/entity/Q15228190
Actinidia rubricaulis,http://www.wikidata.org/entity/Q15225261
Carya kweichowensis,http://www.wikidata.org/entity/Q15244650
Neocinnamomum delavayi,http://www.wikidata.org/entity/Q11083028
Ilex macrocarpa,http://www.wikidata.org/entity/Q10935803
Angelica anomala,http://www.wikidata.org/entity/Q15231575
Caragana rosea,http://www.wikidata.org/entity/Q15245970
Ilex szechwanensis,http://www.wikidata.org/entity/Q15385085
Gaultheria cuneata,http://www.wikidata.org/entity/Q5527670
Berberis julianae,http://www.wikidata.org/entity/Q1587687
Dillenia indica,http://www.wikidata.org/entity/Q48334
Kerria japonica,http://www.wikidata.org/entity/Q157401
Iris lactea,http://www.wikidata.org/entity/Q6747387
Citrus cavaleriei,http://www.wikidata.org/entity/Q15395690
Magnolia delavayi,http://www.wikidata.org/entity/Q2589444
Clinopodium megalanthum,http://www.wikidata.org/entity/Q10956492
Polygonatum cyrtonema,http://www.wikidata.org/entity/Q10933072
Eucalyptus saligna,http://www.wikidata.org/entity/Q2837067
Aucuba himalaica,http://www.wikidata.org/entity/Q10923683
Paris verticillata,http://www.wikidata.org/entity/Q4392591
Ixeris chinensis,http://www.wikidata.org/entity/Q5710281
Clitoria ternatea,http://www.wikidata.org/entity/Q312265
Jasminum polyanthum,http://www.wikidata.org/entity/Q282635
Kadsura coccinea,http://www.wikidata.org/entity/Q10924975
Polygonum plebejum,http://www.wikidata.org/entity/Q10879741
Colocasia esculenta,http://www.wikidata.org/entity/Q227997
Cissampelopsis buimalia,http://www.wikidata.org/entity/Q10904991
Pouzolzia sanguinea,http://www.wikidata.org/entity/Q15246802
Spermacoce alata,http://www.wikidata.org/entity/Q15449863
Clitoria macrophylla,http://www.wikidata.org/entity/Q15466913
Pueraria montana,http://www.wikidata.org/entity/Q1054489
Saussurea amara,http://www.wikidata.org/entity/Q15226836
Sambucus adnata,http://www.wikidata.org/entity/Q12210851
Lobelia seguinii,http://www.wikidata.org/entity/Q10935710
Rheum rhabarbarum,http://www.wikidata.org/entity/Q7535
Geum rivale,http://www.wikidata.org/entity/Q161625
Acalypha siamensis,http://www.wikidata.org/entity/Q6718936
Thalictrum delavayi,http://www.wikidata.org/entity/Q3281110
Trichosanthes dunniana,http://www.wikidata.org/entity/Q15244836
Viola yunnanfuensis,http://www.wikidata.org/entity/Q18089564
Pyrrosia davidii,http://www.wikidata.org/entity/Q10905501
Macrosolen cochinchinensis,http://www.wikidata.org/entity/Q15251700
Hymenocallis littoralis,http://www.wikidata.org/entity/Q10750834
Globba winitii,http://www.wikidata.org/entity/Q13024527
Sanicula astrantiifolia,http://www.wikidata.org/entity/Q15231894
Sambucus racemosa,http://www.wikidata.org/entity/Q157276
Argentina lineata,http://www.wikidata.org/entity/Q15545229
Selaginella davidii,http://www.wikidata.org/entity/Q17024094
Laggera crispata,http://www.wikidata.org/entity/Q15548177
Satyrium nepalense,http://www.wikidata.org/entity/Q3339314
Wisteria brachybotrys,http://www.wikidata.org/entity/Q5783537
Phtheirospermum japonicum,http://www.wikidata.org/entity/Q11086410
Rheum officinale,http://www.wikidata.org/entity/Q312527
Wahlenbergia marginata,http://www.wikidata.org/entity/Q5965024
Parochetus communis,http://www.wikidata.org/entity/Q2402454
Hopea chinensis,http://www.wikidata.org/entity/Q5485804
Amalocalyx microlobus,http://www.wikidata.org/entity/Q15393809
Ainsliaea pertyoides,http://www.wikidata.org/entity/Q15226690
Kadsura interior,http://www.wikidata.org/entity/Q10896280
Mischocarpus pentapetalus,http://www.wikidata.org/entity/Q15240593
Irvingia malayana,http://www.wikidata.org/entity/Q2366477
Parashorea dussaudii,http://www.wikidata.org/entity/Q17572550
Gymnotheca chinensis,http://www.wikidata.org/entity/Q15238727
Dichrocephala integrifolia,http://www.wikidata.org/entity/Q11172944
Palaquium annamense,http://www.wikidata.org/entity/Q15345626
Galium asperifolium,http://www.wikidata.org/entity/Q11119705
Paspalum scrobiculatum,http://www.wikidata.org/entity/Q3510828
Nauclea orientalis,http://www.wikidata.org/entity/Q1894456
Limnophila laotica,http://www.wikidata.org/entity/Q17732074
Clerodendrum indicum,http://www.wikidata.org/entity/Q15232427
Coptis omeiensis,http://www.wikidata.org/entity/Q10270138
Chloranthus holostegius,http://www.wikidata.org/entity/Q10891749
Indigofera amblyantha,http://www.wikidata.org/entity/Q10933008
Aleuritopteris argentea,http://www.wikidata.org/entity/Q15609605
Cynoglossum furcatum,http://www.wikidata.org/entity/Q10960111
Ainsliaea yunnanensis,http://www.wikidata.org/entity/Q10880751
Suregada procera,http://www.wikidata.org/entity/Q15382507
Crepis lignea,http://www.wikidata.org/entity/Q15226868
Clematis brevicaudata,http://www.wikidata.org/entity/Q4266312
Rotheca serrata,http://www.wikidata.org/entity/Q3595077
Berberis wangii,http://www.wikidata.org/entity/Q15225354
Clematis meyeniana,http://www.wikidata.org/entity/Q11127491
Piloselloides hirsuta,http://www.wikidata.org/entity/Q11126881
Ottelia alismoides,http://www.wikidata.org/entity/Q5787832
Isodon ternifolius,http://www.wikidata.org/entity/Q15333897
Clematis apiifolia,http://www.wikidata.org/entity/Q3336152
Chlorophytum minor,http://www.wikidata.org/entity/Q11035684
Hydrangea macrophylla,http://www.wikidata.org/entity/Q159219
Carex baccans,http://www.wikidata.org/entity/Q2938306
Euonymus grandiflorus,http://www.wikidata.org/entity/Q1941234
Dipterocarpus tuberculatus,http://www.wikidata.org/entity/Q3029292
Gigantochloa parvifolia,http://www.wikidata.org/entity/Q15517501
Arenga caudata,http://www.wikidata.org/entity/Q10912442
Vaccinium urceolatum,http://www.wikidata.org/entity/Q15237948
Trichosanthes rosthornii,http://www.wikidata.org/entity/Q10872316
Dipterocarpus turbinatus,http://www.wikidata.org/entity/Q3029294
Calamus pandanosmus,http://www.wikidata.org/entity/Q15462444
Quercus phillyreoides,http://www.wikidata.org/entity/Q28811747
Carallia brachiata,http://www.wikidata.org/entity/Q13114481
Desplatsia dewevrei,http://www.wikidata.org/entity/Q15363940
Enkleia malaccensis,http://www.wikidata.org/entity/Q17581664
Tetrorchidium didymostemon,http://www.wikidata.org/entity/Q15384004
Gnetum edule,http://www.wikidata.org/entity/Q15049903
Pueraria peduncularis,http://www.wikidata.org/entity/Q91361776
Gonocaryum lobbianum,http://www.wikidata.org/entity/Q15248009
Gigantochloa albociliata,http://www.wikidata.org/entity/Q15248453
Holoptelea integrifolia,http://www.wikidata.org/entity/Q13110312
Hymenopyramis brachiata,http://www.wikidata.org/entity/Q15329368
Dipterocarpus retusus,http://www.wikidata.org/entity/Q3006795
Persicaria chinensis,http://www.wikidata.org/entity/Q15283729
Globba pendula,http://www.wikidata.org/entity/Q10505559
Globba schomburgkii,http://www.wikidata.org/entity/Q10912462
Leersia hexandra,http://www.wikidata.org/entity/Q3228992
Pristimera indica,http://www.wikidata.org/entity/Q11075650
Fimbristylis dichotoma,http://www.wikidata.org/entity/Q10871438
Piper wallichii,http://www.wikidata.org/entity/Q15228219
Hopea helferi,http://www.wikidata.org/entity/Q5485837
Photinia glabra,http://www.wikidata.org/entity/Q1076254
Glinus oppositifolius,http://www.wikidata.org/entity/Q15249288
Viburnum brachybotryum,http://www.wikidata.org/entity/Q15232295
Aubrevillea kerstingii,http://www.wikidata.org/entity/Q15525182
Wisteria sinensis,http://www.wikidata.org/entity/Q159116
Tabernaemontana crassa,http://www.wikidata.org/entity/Q14862275
Chrysophyllum subnudum,http://www.wikidata.org/entity/Q11690327
Combretum zenkeri,http://www.wikidata.org/entity/Q15574259
Lactuca muralis,http://www.wikidata.org/entity/Q50840616
Strombosia grandifolia,http://www.wikidata.org/entity/Q15354826
Sterculia oblonga,http://www.wikidata.org/entity/Q17579121
Triplochiton scleroxylon,http://www.wikidata.org/entity/Q137952
Pycnocoma chevalieri,http://www.wikidata.org/entity/Q15372962
Platycerium elephantotis,http://www.wikidata.org/entity/Q17196740
Trilepisium madagascariensis,http://www.wikidata.org/entity/Q15479996
Irvingia grandifolia,http://www.wikidata.org/entity/Q10536819
Olax subscorpioidea,http://www.wikidata.org/entity/Q18077734
Cola urceolata,http://www.wikidata.org/entity/Q15362087
Mallotus oppositifolius,http://www.wikidata.org/entity/Q13931115
Hylotelephium telephium,http://www.wikidata.org/entity/Q1327535
Alstonia congensis,http://www.wikidata.org/entity/Q15392445
Autranella congolensis,http://www.wikidata.org/entity/Q4827098
Phillyrea latifolia,http://www.wikidata.org/entity/Q784070
Alchornea laxiflora,http://www.wikidata.org/entity/Q15385212
Frangula alnus,http://www.wikidata.org/entity/Q146136
Trichilia prieureana,http://www.wikidata.org/entity/Q18077380
Thomandersia laurifolia,http://www.wikidata.org/entity/Q7786770
Leucanthemum vulgare,http://www.wikidata.org/entity/Q27164
Melilotus albus,http://www.wikidata.org/entity/Q158596
Entandrophragma candollei,http://www.wikidata.org/entity/Q5834167
Nephrolepis biserrata,http://www.wikidata.org/entity/Q5875385
Pancovia laurentii,http://www.wikidata.org/entity/Q15529733
Afzelia bipindensis,http://www.wikidata.org/entity/Q4690889
Succisa pratensis,http://www.wikidata.org/entity/Q161697
Musanga cecropioides,http://www.wikidata.org/entity/Q773545
Craterispermum laurinum,http://www.wikidata.org/entity/Q15435584
Rauvolfia vomitoria,http://www.wikidata.org/entity/Q5225969
Lovoa trichilioides,http://www.wikidata.org/entity/Q8008828
Lapsana communis,http://www.wikidata.org/entity/Q754672
Panicum maximum,http://www.wikidata.org/entity/Q50846435
Gmelina arborea,http://www.wikidata.org/entity/Q311345
Caloncoba welwitschii,http://www.wikidata.org/entity/Q15392638
Anonidium mannii,http://www.wikidata.org/entity/Q4770012
Ribes alpinum,http://www.wikidata.org/entity/Q149260
Geranium nodosum,http://www.wikidata.org/entity/Q160339
Whitfieldia elongata,http://www.wikidata.org/entity/Q3567808
Piptadeniastrum africanum,http://www.wikidata.org/entity/Q3011617
Pseudoturritis turrita,http://www.wikidata.org/entity/Q17235405
Pteris similis,http://www.wikidata.org/entity/Q15334839
Asplenium onopteris,http://www.wikidata.org/entity/Q2311641
Dracaena arborea,http://www.wikidata.org/entity/Q15509169
Copaifera salikounda,http://www.wikidata.org/entity/Q5168282
Melodinus cochinchinensis,http://www.wikidata.org/entity/Q15353708
Homalomena aromatica,http://www.wikidata.org/entity/Q15343410
Stenochlaena palustris,http://www.wikidata.org/entity/Q10863879
Bulbophyllum reclusum,http://www.wikidata.org/entity/Q4995575
Ceiba pentandra,http://www.wikidata.org/entity/Q138617
Bambusa spinosa,http://www.wikidata.org/entity/Q3339098
Micromelum hirsutum,http://www.wikidata.org/entity/Q18072883
Selaginella moellendorffii,http://www.wikidata.org/entity/Q3205665
Persicaria minor,http://www.wikidata.org/entity/Q1717986
Selaginella delicatula,http://www.wikidata.org/entity/Q7329864
Pachyrhizus erosus,http://www.wikidata.org/entity/Q517283
Celtis adolfi-friderici,http://www.wikidata.org/entity/Q255375
Cissus triloba,http://www.wikidata.org/entity/Q11077955
Mangifera pentandra,http://www.wikidata.org/entity/Q5228375
Corynanthe pachyceras,http://www.wikidata.org/entity/Q15433964
Saccharum arundinaceum,http://www.wikidata.org/entity/Q7396615
Erythrophleum suaveolens,http://www.wikidata.org/entity/Q13909581
Diplazium esculentum,http://www.wikidata.org/entity/Q625571
Ischaemum ciliare,http://www.wikidata.org/entity/Q10910431
Aglaomorpha bonii,http://www.wikidata.org/entity/Q90397324
Stephania rotunda,http://www.wikidata.org/entity/Q21321499
Bischofia javanica,http://www.wikidata.org/entity/Q8248272
Decaschistia parviflora,http://www.wikidata.org/entity/Q15549683
Cyperus diffusus,http://www.wikidata.org/entity/Q15623187
Tetrastigma pachyphyllum,http://www.wikidata.org/entity/Q10910930
Tinospora baenzigeri,http://www.wikidata.org/entity/Q17808318
Lagenaria siceraria,http://www.wikidata.org/entity/Q1277255
Zanha golungensis,http://www.wikidata.org/entity/Q8066207
Diospyros crassiflora,http://www.wikidata.org/entity/Q5279617
Vernonia elaeagnifolia,http://www.wikidata.org/entity/Q15566344
Elaeagnus latifolia,http://www.wikidata.org/entity/Q11174237
Ficus exasperata,http://www.wikidata.org/entity/Q15473516
Entandrophragma utile,http://www.wikidata.org/entity/Q835089
Calycopteris floribunda,http://www.wikidata.org/entity/Q3595167
Cnestis ferruginea,http://www.wikidata.org/entity/Q5137359
Mitragyna stipulosa,http://www.wikidata.org/entity/Q5454379
Staudtia kamerunensis,http://www.wikidata.org/entity/Q17135433
Petersianthus macrocarpus,http://www.wikidata.org/entity/Q642545
Dichrocephala benthamii,http://www.wikidata.org/entity/Q11035607
Sophora davidii,http://www.wikidata.org/entity/Q6747995
Lithocarpus litseifolius,http://www.wikidata.org/entity/Q11092941
Apluda mutica,http://www.wikidata.org/entity/Q1896696
Nicandra physalodes,http://www.wikidata.org/entity/Q1509784
Ichnanthus pallens,http://www.wikidata.org/entity/Q43372103
Pistia stratiotes,http://www.wikidata.org/entity/Q654001
Codariocalyx gyroides,http://www.wikidata.org/entity/Q10926414
Paraboea rufescens,http://www.wikidata.org/entity/Q15247764
Ficus tikoua,http://www.wikidata.org/entity/Q10928313
Oxyspora paniculata,http://www.wikidata.org/entity/Q15245760
Gentiana pubigera,http://www.wikidata.org/entity/Q11108729
Stellaria vestita,http://www.wikidata.org/entity/Q15226025
Stranvaesia davidiana,http://www.wikidata.org/entity/Q3205894
Sabia schumanniana,http://www.wikidata.org/entity/Q10924863
Persicaria orientalis,http://www.wikidata.org/entity/Q164344
Caesalpinia enneaphylla,http://www.wikidata.org/entity/Q10878989
Thalictrum foliolosum,http://www.wikidata.org/entity/Q10932493
Hemarthria compressa,http://www.wikidata.org/entity/Q11075622
Calliandra haematocephala,http://www.wikidata.org/entity/Q161818
Breynia fruticosa,http://www.wikidata.org/entity/Q11179632
Trichosanthes ovigera,http://www.wikidata.org/entity/Q10891720
Asemeia extraaxillaris,http://www.wikidata.org/entity/Q38197224
Clerodendrum yunnanense,http://www.wikidata.org/entity/Q15232437
Pimpinella candolleana,http://www.wikidata.org/entity/Q11098442
Pilea plataniflora,http://www.wikidata.org/entity/Q15231954
Zanthoxylum acanthopodium,http://www.wikidata.org/entity/Q4753499
Byttneria aspera,http://www.wikidata.org/entity/Q10898580
Hypericum patulum,http://www.wikidata.org/entity/Q161436
Viburnum foetidum,http://www.wikidata.org/entity/Q15232289
Arisaema franchetianum,http://www.wikidata.org/entity/Q4069206
Peracarpa carnosa,http://www.wikidata.org/entity/Q9292029
Ottochloa nodosa,http://www.wikidata.org/entity/Q11082643
Corylopsis multitorum,http://www.wikidata.org/entity/Q15239491
Schefflera delavayi,http://www.wikidata.org/entity/Q15225143
Artabotrys hexapetalus,http://www.wikidata.org/entity/Q8287860
Geum japonicum,http://www.wikidata.org/entity/Q164367
Erigeron breviscapus,http://www.wikidata.org/entity/Q15231430
Pedicularis henryi,http://www.wikidata.org/entity/Q10883094
Rumex nepalensis,http://www.wikidata.org/entity/Q11041204
Tripterospermum cordatum,http://www.wikidata.org/entity/Q11051628
Tetradium trichotomum,http://www.wikidata.org/entity/Q15394549
Vaccinium fragile,http://www.wikidata.org/entity/Q10878263
Eupatorium heterophyllum,http://www.wikidata.org/entity/Q15552476
Citrus japonica,http://www.wikidata.org/entity/Q5122903
Justicia pectinata,http://www.wikidata.org/entity/Q15334351
Sambucus javanica,http://www.wikidata.org/entity/Q4117827
Waltheria indica,http://www.wikidata.org/entity/Q7966688
